{
  "baseline_stats": {
    "mean": -0.038146671391799586,
    "std": 0.028850733933880955,
    "min": -0.0680851612997504,
    "max": 0.0018043227667449
  },
  "current_stats": {
    "mean": -0.04609780235180118,
    "std": 0.02755342498757242,
    "min": -0.0754133248568952,
    "max": 0.0018043227667449
  },
  "relative_shift": 0.20843030963380918,
  "threshold": 0.15,
  "alert": true
}