{
  "timestamp_utc": "20251215_075616",
  "training_samples": 4,
  "model_path": "models/versions/model_v20251215_075616.joblib",
  "contamination": 0.05,
  "roc_auc": 0.23809523809523814,
  "classification_report": {
    "0": {
      "precision": 0.6666666666666666,
      "recall": 0.8571428571428571,
      "f1-score": 0.75,
      "support": 7.0
    },
    "1": {
      "precision": 0.0,
      "recall": 0.0,
      "f1-score": 0.0,
      "support": 3.0
    },
    "accuracy": 0.6,
    "macro avg": {
      "precision": 0.3333333333333333,
      "recall": 0.42857142857142855,
      "f1-score": 0.375,
      "support": 10.0
    },
    "weighted avg": {
      "precision": 0.4666666666666666,
      "recall": 0.6,
      "f1-score": 0.525,
      "support": 10.0
    }
  }
}