{
  "mean": -0.038146671391799586,
  "std": 0.028850733933880955,
  "min": -0.0680851612997504,
  "max": 0.0018043227667449
}